model,name,intercept,bm,ret11,adjrsq,edf,rmse
1,estimate,0.0094734281,,,8.031624E-19,3942.9919786,0.1295294712
1,tvalue,3.9198148386,,,,,
2,estimate,0.0069223099,0.0022534016,,0.0048991479,3677.2457421,0.1330022809
2,tvalue,3.2227605596,4.6253983602,,,,
3,estimate,0.0023362506,,0.0055562761,0.016366937,3574.6370968,0.1261617406
3,tvalue,0.7671432779,,3.1383601229,,,
4,estimate,-0.002166613,0.0021726323,0.0073621707,0.0195195289,3605.3479319,0.1312995334
4,tvalue,-0.779261886,4.683513795,4.353935959,,,
